{"cameraMode":{"drawMode":0,"name":"Shaded","section":"Shading Mode"},"sceneLighting":false,"audioPlay":false,"sceneViewState":{"m_AlwaysRefresh":false,"showFog":false,"showSkybox":false,"showFlares":false,"showImageEffects":false,"showParticleSystems":false,"showVisualEffectGraphs":true,"m_FxEnabled":true},"in2DMode":false,"pivot":{"x":0.6710019707679749,"y":4.5875630378723148,"z":-6.365245819091797},"rotation":{"x":-0.0007009176770225167,"y":0.9991410970687866,"z":-0.036298684775829318,"w":-0.025783276185393335},"size":8.543722152709961,"orthographic":false}